{
  "greedy_global": {
    "method": "Greedy-Global",
    "slope_change_pct": -6.361438212597812,
    "cont_change": 0.43893805309734457,
    "baimu_count_change": -2,
    "baimu_area_change_ha": -31.483876227065174,
    "completed_swaps": 100,
    "elapsed": 0.00590062141418457,
    "initial_slope": 9.879585143554335,
    "final_slope": 9.25110143834999,
    "initial_cont": 3.711504424778761,
    "final_cont": 4.150442477876106,
    "initial_baimu_count": 9,
    "final_baimu_count": 7
  },
  "greedy_sequential": {
    "method": "Greedy-Sequential",
    "slope_change_pct": -2.118162793465082,
    "cont_change": 0.04955752212389353,
    "baimu_count_change": -1,
    "baimu_area_change_ha": -12.014770209075882,
    "completed_swaps": 57,
    "steps": 20,
    "elapsed": 0.0656583309173584,
    "initial_slope": 9.879585143554335,
    "final_slope": 9.670319446683047,
    "initial_cont": 3.711504424778761,
    "final_cont": 3.7610619469026547
  },
  "random_block": {
    "method": "Random-Block",
    "slope_pct_mean": -0.78757259148919,
    "cont_mean": 0.05061946902654864,
    "baimu_count_mean": 0.0,
    "baimu_area_mean": 1.444001371798143,
    "per_seed": [
      {
        "method": "Random-Block",
        "seed": 0,
        "slope_change_pct": -0.29288575466702477,
        "cont_change": 0.07433628318584073,
        "baimu_count_change": 0,
        "baimu_area_change_ha": 3.353829383732751,
        "completed_swaps": 61,
        "elapsed": 0.003493785858154297,
        "initial_slope": 9.879585143554335,
        "final_slope": 9.850649246019376,
        "initial_cont": 3.711504424778761,
        "final_cont": 3.785840707964602
      },
      {
        "method": "Random-Block",
        "seed": 1,
        "slope_change_pct": -0.7940610676203711,
        "cont_change": 0.019469026548672552,
        "baimu_count_change": 2,
        "baimu_area_change_ha": 17.913354118163884,
        "completed_swaps": 64,
        "elapsed": 0.003527402877807617,
        "initial_slope": 9.879585143554335,
        "final_slope": 9.801135204207558,
        "initial_cont": 3.711504424778761,
        "final_cont": 3.7309734513274337
      },
      {
        "method": "Random-Block",
        "seed": 2,
        "slope_change_pct": -1.5536514545863807,
        "cont_change": 0.044247787610619316,
        "baimu_count_change": -3,
        "baimu_area_change_ha": -6.391043311685324,
        "completed_swaps": 56,
        "elapsed": 0.003192901611328125,
        "initial_slope": 9.879585143554335,
        "final_slope": 9.726090825109038,
        "initial_cont": 3.711504424778761,
        "final_cont": 3.7557522123893805
      },
      {
        "method": "Random-Block",
        "seed": 3,
        "slope_change_pct": -0.1238080124141613,
        "cont_change": 0.07610619469026547,
        "baimu_count_change": 0,
        "baimu_area_change_ha": 3.5137723624765873,
        "completed_swaps": 63,
        "elapsed": 0.0033960342407226562,
        "initial_slope": 9.879585143554335,
        "final_slope": 9.867353425540955,
        "initial_cont": 3.711504424778761,
        "final_cont": 3.7876106194690267
      },
      {
        "method": "Random-Block",
        "seed": 4,
        "slope_change_pct": -1.173456668158012,
        "cont_change": 0.038938053097345104,
        "baimu_count_change": 1,
        "baimu_area_change_ha": -11.169905693697185,
        "completed_swaps": 63,
        "elapsed": 0.003432035446166992,
        "initial_slope": 9.879585143554335,
        "final_slope": 9.763652492783603,
        "initial_cont": 3.711504424778761,
        "final_cont": 3.7504424778761063
      }
    ]
  },
  "round_robin": {
    "method": "Round-Robin",
    "slope_change_pct": -0.32957219264778786,
    "cont_change": 0.0867256637168139,
    "baimu_count_change": -1,
    "baimu_area_change_ha": 43.83861896458455,
    "completed_swaps": 69,
    "elapsed": 0.003111600875854492,
    "initial_slope": 9.879585143554335,
    "final_slope": 9.84702477813926,
    "initial_cont": 3.711504424778761,
    "final_cont": 3.798230088495575
  }
}