{
  "step": [
    0,
    1,
    2,
    3,
    4,
    5,
    6,
    7,
    8,
    9,
    10,
    11,
    12,
    13,
    14,
    15,
    16,
    17,
    18,
    19,
    20
  ],
  "block": [
    null,
    3,
    107,
    28,
    104,
    305,
    321,
    35,
    15,
    31,
    215,
    24,
    56,
    310,
    8,
    201,
    200,
    119,
    280,
    69,
    110
  ],
  "slope_change_pct": [
    0.0,
    0.93014393209858,
    0.4679097793440668,
    0.7348948049324124,
    0.617152729779285,
    0.5866213097879466,
    0.5264531612775806,
    0.40493646386805104,
    0.3268912329902883,
    0.3165885498686418,
    0.25677558467423367,
    0.1954641002301317,
    0.14178250581644203,
    0.06439202060720753,
    -0.00047850932312483994,
    -0.06965012185295665,
    -0.11744242794130852,
    -0.25546066160743897,
    -0.2939248281189784,
    -0.3061542768244644,
    -0.3193699943098927
  ],
  "contiguity_change": [
    0.0,
    0.0059618441971380776,
    0.00556438791732905,
    0.006756756756756577,
    0.002782193958664525,
    0.009936406995230573,
    0.0119236883942766,
    0.008346581875993575,
    0.008346581875993575,
    0.0111287758346581,
    0.009936406995230573,
    0.009141494435612074,
    0.009141494435612074,
    0.010731319554849073,
    0.0111287758346581,
    0.013116057233704126,
    0.012321144674085627,
    0.013910969793322625,
    0.016295707472178123,
    0.01709062003179662,
    0.01788553259141512
  ],
  "baimu_count_change": [
    0,
    1,
    1,
    2,
    3,
    3,
    3,
    3,
    4,
    4,
    5,
    5,
    5,
    5,
    5,
    5,
    5,
    5,
    5,
    5,
    5
  ],
  "baimu_area_change_ha": [
    0.0,
    43.3268208483614,
    13.726372230704873,
    45.16553315791041,
    38.29772653510049,
    43.54734568508342,
    43.950277613624934,
    36.081011492346974,
    32.45334232254177,
    35.56926620004699,
    29.69386986284107,
    28.777900701542944,
    25.711098994299025,
    25.363880986455083,
    28.321196391946824,
    27.526018324019017,
    26.459640418010206,
    27.24684876622334,
    27.684402239502965,
    29.154363249640912,
    29.173656356924774
  ]
}